Series,Series Code,Country Name,Country Code,1990 [YR1990],1991 [YR1991],1992 [YR1992],1993 [YR1993],1994 [YR1994],1995 [YR1995],1996 [YR1996],1997 [YR1997],1998 [YR1998],1999 [YR1999],2000 [YR2000],2001 [YR2001],2002 [YR2002],2003 [YR2003],2004 [YR2004],2005 [YR2005],2006 [YR2006],2007 [YR2007],2008 [YR2008],2009 [YR2009],2010 [YR2010],2011 [YR2011],2012 [YR2012],2013 [YR2013],2014 [YR2014],2015 [YR2015],2016 [YR2016],2017 [YR2017],2018 [YR2018],2019 [YR2019],2020 [YR2020]
"UIS: Percentage of population age 25+ whose highest level of education is upper secondary, male",UIS.EA.3.AG25T99.M,Global Partnership for Education,FTI,..,..,..,..,..,..,..,..,..,..,..,..,..,..,..,..,..,..,..,..,..,..,..,..,..,..,..,..,..,..,..
"UIS: Percentage of population age 25+ whose highest level of education is upper secondary, male",UIS.EA.3.AG25T99.M,Lending category not classified,LNX,..,..,..,..,..,..,..,..,..,..,..,..,..,..,..,..,..,..,..,..,..,..,..,..,..,..,..,..,..,..,..
"UIS: Percentage of population age 25+ whose highest level of education is upper secondary, male",UIS.EA.3.AG25T99.M,Mayotte,MYT,..,..,..,..,..,..,..,..,..,..,..,..,..,..,..,..,..,..,..,..,..,..,..,..,..,..,..,..,..,..,..
"UIS: Percentage of population age 25+ whose highest level of education is upper secondary, male",UIS.EA.3.AG25T99.M,Netherlands Antilles,ANT,..,..,..,..,..,..,..,..,..,..,..,..,..,..,..,..,..,..,..,..,..,..,..,..,..,..,..,..,..,..,..
"UIS: Percentage of population age 25+ whose highest level of education is upper secondary, male",UIS.EA.3.AG25T99.M,Tokelau,TKL,..,..,..,..,..,..,..,..,..,..,..,..,..,..,..,..,..,..,..,..,..,..,..,..,..,..,..,..,..,..,..
"UIS: Percentage of population age 25+ whose highest level of education is upper secondary, male",UIS.EA.3.AG25T99.M,Arab World,ARB,..,..,..,..,..,..,..,..,..,..,..,..,..,..,..,..,..,..,..,..,..,..,..,..,..,..,..,..,..,..,..
"UIS: Percentage of population age 25+ whose highest level of education is upper secondary, male",UIS.EA.3.AG25T99.M,Caribbean small states,CSS,..,..,..,..,..,..,..,..,..,..,..,..,..,..,..,..,..,..,..,..,..,..,..,..,..,..,..,..,..,..,..
"UIS: Percentage of population age 25+ whose highest level of education is upper secondary, male",UIS.EA.3.AG25T99.M,Central Europe and the Baltics,CEB,..,..,..,..,..,..,..,..,..,..,..,..,..,..,..,..,..,..,..,..,..,..,..,..,..,..,..,..,..,..,..
"UIS: Percentage of population age 25+ whose highest level of education is upper secondary, male",UIS.EA.3.AG25T99.M,Early-demographic dividend,EAR,..,..,..,..,..,..,..,..,..,..,..,..,..,..,..,..,..,..,..,..,..,..,..,..,..,..,..,..,..,..,..
"UIS: Percentage of population age 25+ whose highest level of education is upper secondary, male",UIS.EA.3.AG25T99.M,East Asia & Pacific,EAS,..,..,..,..,..,..,..,..,..,..,..,..,..,..,..,..,..,..,..,..,..,..,..,..,..,..,..,..,..,..,..
"UIS: Percentage of population age 25+ whose highest level of education is upper secondary, male",UIS.EA.3.AG25T99.M,East Asia & Pacific (excluding high income),EAP,..,..,..,..,..,..,..,..,..,..,..,..,..,..,..,..,..,..,..,..,..,..,..,..,..,..,..,..,..,..,..
"UIS: Percentage of population age 25+ whose highest level of education is upper secondary, male",UIS.EA.3.AG25T99.M,East Asia & Pacific (IDA & IBRD countries),TEA,..,..,..,..,..,..,..,..,..,..,..,..,..,..,..,..,..,..,..,..,..,..,..,..,..,..,..,..,..,..,..
"UIS: Percentage of population age 25+ whose highest level of education is upper secondary, male",UIS.EA.3.AG25T99.M,Euro area,EMU,..,..,..,..,..,..,..,..,..,..,..,..,..,..,..,..,..,..,..,..,..,..,..,..,..,..,..,..,..,..,..
"UIS: Percentage of population age 25+ whose highest level of education is upper secondary, male",UIS.EA.3.AG25T99.M,Europe & Central Asia,ECS,..,..,..,..,..,..,..,..,..,..,..,..,..,..,..,..,..,..,..,..,..,..,..,..,..,..,..,..,..,..,..
"UIS: Percentage of population age 25+ whose highest level of education is upper secondary, male",UIS.EA.3.AG25T99.M,Europe & Central Asia (excluding high income),ECA,..,..,..,..,..,..,..,..,..,..,..,..,..,..,..,..,..,..,..,..,..,..,..,..,..,..,..,..,..,..,..
"UIS: Percentage of population age 25+ whose highest level of education is upper secondary, male",UIS.EA.3.AG25T99.M,Europe & Central Asia (IDA & IBRD countries),TEC,..,..,..,..,..,..,..,..,..,..,..,..,..,..,..,..,..,..,..,..,..,..,..,..,..,..,..,..,..,..,..
"UIS: Percentage of population age 25+ whose highest level of education is upper secondary, male",UIS.EA.3.AG25T99.M,European Union,EUU,..,..,..,..,..,..,..,..,..,..,..,..,..,..,..,..,..,..,..,..,..,..,..,..,..,..,..,..,..,..,..
"UIS: Percentage of population age 25+ whose highest level of education is upper secondary, male",UIS.EA.3.AG25T99.M,Fragile and conflict affected situations,FCS,..,..,..,..,..,..,..,..,..,..,..,..,..,..,..,..,..,..,..,..,..,..,..,..,..,..,..,..,..,..,..
"UIS: Percentage of population age 25+ whose highest level of education is upper secondary, male",UIS.EA.3.AG25T99.M,Heavily indebted poor countries (HIPC),HPC,..,..,..,..,..,..,..,..,..,..,..,..,..,..,..,..,..,..,..,..,..,..,..,..,..,..,..,..,..,..,..
"UIS: Percentage of population age 25+ whose highest level of education is upper secondary, male",UIS.EA.3.AG25T99.M,High income,HIC,..,..,..,..,..,..,..,..,..,..,..,..,..,..,..,..,..,..,..,..,..,..,..,..,..,..,..,..,..,..,..
"UIS: Percentage of population age 25+ whose highest level of education is upper secondary, male",UIS.EA.3.AG25T99.M,IBRD only,IBD,..,..,..,..,..,..,..,..,..,..,..,..,..,..,..,..,..,..,..,..,..,..,..,..,..,..,..,..,..,..,..
"UIS: Percentage of population age 25+ whose highest level of education is upper secondary, male",UIS.EA.3.AG25T99.M,IDA & IBRD total,IBT,..,..,..,..,..,..,..,..,..,..,..,..,..,..,..,..,..,..,..,..,..,..,..,..,..,..,..,..,..,..,..
"UIS: Percentage of population age 25+ whose highest level of education is upper secondary, male",UIS.EA.3.AG25T99.M,IDA blend,IDB,..,..,..,..,..,..,..,..,..,..,..,..,..,..,..,..,..,..,..,..,..,..,..,..,..,..,..,..,..,..,..
"UIS: Percentage of population age 25+ whose highest level of education is upper secondary, male",UIS.EA.3.AG25T99.M,IDA only,IDX,..,..,..,..,..,..,..,..,..,..,..,..,..,..,..,..,..,..,..,..,..,..,..,..,..,..,..,..,..,..,..
"UIS: Percentage of population age 25+ whose highest level of education is upper secondary, male",UIS.EA.3.AG25T99.M,IDA total,IDA,..,..,..,..,..,..,..,..,..,..,..,..,..,..,..,..,..,..,..,..,..,..,..,..,..,..,..,..,..,..,..
"UIS: Percentage of population age 25+ whose highest level of education is upper secondary, male",UIS.EA.3.AG25T99.M,Late-demographic dividend,LTE,..,..,..,..,..,..,..,..,..,..,..,..,..,..,..,..,..,..,..,..,..,..,..,..,..,..,..,..,..,..,..
"UIS: Percentage of population age 25+ whose highest level of education is upper secondary, male",UIS.EA.3.AG25T99.M,Latin America & Caribbean,LCN,..,..,..,..,..,..,..,..,..,..,..,..,..,..,..,..,..,..,..,..,..,..,..,..,..,..,..,..,..,..,..
"UIS: Percentage of population age 25+ whose highest level of education is upper secondary, male",UIS.EA.3.AG25T99.M,Latin America & Caribbean (excluding high income),LAC,..,..,..,..,..,..,..,..,..,..,..,..,..,..,..,..,..,..,..,..,..,..,..,..,..,..,..,..,..,..,..
"UIS: Percentage of population age 25+ whose highest level of education is upper secondary, male",UIS.EA.3.AG25T99.M,Latin America & the Caribbean (IDA & IBRD countries),TLA,..,..,..,..,..,..,..,..,..,..,..,..,..,..,..,..,..,..,..,..,..,..,..,..,..,..,..,..,..,..,..
"UIS: Percentage of population age 25+ whose highest level of education is upper secondary, male",UIS.EA.3.AG25T99.M,Least developed countries: UN classification,LDC,..,..,..,..,..,..,..,..,..,..,..,..,..,..,..,..,..,..,..,..,..,..,..,..,..,..,..,..,..,..,..
"UIS: Percentage of population age 25+ whose highest level of education is upper secondary, male",UIS.EA.3.AG25T99.M,Low & middle income,LMY,..,..,..,..,..,..,..,..,..,..,..,..,..,..,..,..,..,..,..,..,..,..,..,..,..,..,..,..,..,..,..
"UIS: Percentage of population age 25+ whose highest level of education is upper secondary, male",UIS.EA.3.AG25T99.M,Low income,LIC,..,..,..,..,..,..,..,..,..,..,..,..,..,..,..,..,..,..,..,..,..,..,..,..,..,..,..,..,..,..,..
"UIS: Percentage of population age 25+ whose highest level of education is upper secondary, male",UIS.EA.3.AG25T99.M,Lower middle income,LMC,..,..,..,..,..,..,..,..,..,..,..,..,..,..,..,..,..,..,..,..,..,..,..,..,..,..,..,..,..,..,..
"UIS: Percentage of population age 25+ whose highest level of education is upper secondary, male",UIS.EA.3.AG25T99.M,Middle East & North Africa,MEA,..,..,..,..,..,..,..,..,..,..,..,..,..,..,..,..,..,..,..,..,..,..,..,..,..,..,..,..,..,..,..
"UIS: Percentage of population age 25+ whose highest level of education is upper secondary, male",UIS.EA.3.AG25T99.M,Middle East & North Africa (excluding high income),MNA,..,..,..,..,..,..,..,..,..,..,..,..,..,..,..,..,..,..,..,..,..,..,..,..,..,..,..,..,..,..,..
"UIS: Percentage of population age 25+ whose highest level of education is upper secondary, male",UIS.EA.3.AG25T99.M,Middle East & North Africa (IDA & IBRD countries),TMN,..,..,..,..,..,..,..,..,..,..,..,..,..,..,..,..,..,..,..,..,..,..,..,..,..,..,..,..,..,..,..
"UIS: Percentage of population age 25+ whose highest level of education is upper secondary, male",UIS.EA.3.AG25T99.M,Middle income,MIC,..,..,..,..,..,..,..,..,..,..,..,..,..,..,..,..,..,..,..,..,..,..,..,..,..,..,..,..,..,..,..
"UIS: Percentage of population age 25+ whose highest level of education is upper secondary, male",UIS.EA.3.AG25T99.M,North America,NAC,..,..,..,..,..,..,..,..,..,..,..,..,..,..,..,..,..,..,..,..,..,..,..,..,..,..,..,..,..,..,..
"UIS: Percentage of population age 25+ whose highest level of education is upper secondary, male",UIS.EA.3.AG25T99.M,OECD members,OED,..,..,..,..,..,..,..,..,..,..,..,..,..,..,..,..,..,..,..,..,..,..,..,..,..,..,..,..,..,..,..
"UIS: Percentage of population age 25+ whose highest level of education is upper secondary, male",UIS.EA.3.AG25T99.M,Other small states,OSS,..,..,..,..,..,..,..,..,..,..,..,..,..,..,..,..,..,..,..,..,..,..,..,..,..,..,..,..,..,..,..
"UIS: Percentage of population age 25+ whose highest level of education is upper secondary, male",UIS.EA.3.AG25T99.M,Pacific island small states,PSS,..,..,..,..,..,..,..,..,..,..,..,..,..,..,..,..,..,..,..,..,..,..,..,..,..,..,..,..,..,..,..
"UIS: Percentage of population age 25+ whose highest level of education is upper secondary, male",UIS.EA.3.AG25T99.M,Post-demographic dividend,PST,..,..,..,..,..,..,..,..,..,..,..,..,..,..,..,..,..,..,..,..,..,..,..,..,..,..,..,..,..,..,..
"UIS: Percentage of population age 25+ whose highest level of education is upper secondary, male",UIS.EA.3.AG25T99.M,Pre-demographic dividend,PRE,..,..,..,..,..,..,..,..,..,..,..,..,..,..,..,..,..,..,..,..,..,..,..,..,..,..,..,..,..,..,..
"UIS: Percentage of population age 25+ whose highest level of education is upper secondary, male",UIS.EA.3.AG25T99.M,Small states,SST,..,..,..,..,..,..,..,..,..,..,..,..,..,..,..,..,..,..,..,..,..,..,..,..,..,..,..,..,..,..,..
"UIS: Percentage of population age 25+ whose highest level of education is upper secondary, male",UIS.EA.3.AG25T99.M,South Asia,SAS,..,..,..,..,..,..,..,..,..,..,..,..,..,..,..,..,..,..,..,..,..,..,..,..,..,..,..,..,..,..,..
"UIS: Percentage of population age 25+ whose highest level of education is upper secondary, male",UIS.EA.3.AG25T99.M,South Asia (IDA & IBRD),TSA,..,..,..,..,..,..,..,..,..,..,..,..,..,..,..,..,..,..,..,..,..,..,..,..,..,..,..,..,..,..,..
"UIS: Percentage of population age 25+ whose highest level of education is upper secondary, male",UIS.EA.3.AG25T99.M,Sub-Saharan Africa,SSF,..,..,..,..,..,..,..,..,..,..,..,..,..,..,..,..,..,..,..,..,..,..,..,..,..,..,..,..,..,..,..
"UIS: Percentage of population age 25+ whose highest level of education is upper secondary, male",UIS.EA.3.AG25T99.M,Sub-Saharan Africa (excluding high income),SSA,..,..,..,..,..,..,..,..,..,..,..,..,..,..,..,..,..,..,..,..,..,..,..,..,..,..,..,..,..,..,..
"UIS: Percentage of population age 25+ whose highest level of education is upper secondary, male",UIS.EA.3.AG25T99.M,Sub-Saharan Africa (IDA & IBRD countries),TSS,..,..,..,..,..,..,..,..,..,..,..,..,..,..,..,..,..,..,..,..,..,..,..,..,..,..,..,..,..,..,..
"UIS: Percentage of population age 25+ whose highest level of education is upper secondary, male",UIS.EA.3.AG25T99.M,Upper middle income,UMC,..,..,..,..,..,..,..,..,..,..,..,..,..,..,..,..,..,..,..,..,..,..,..,..,..,..,..,..,..,..,..
"UIS: Percentage of population age 25+ whose highest level of education is upper secondary, male",UIS.EA.3.AG25T99.M,World,WLD,..,..,..,..,..,..,..,..,..,..,..,..,..,..,..,..,..,..,..,..,..,..,..,..,..,..,..,..,..,..,..
"UIS: Percentage of population age 25+ whose highest level of education is upper secondary, male",UIS.EA.3.AG25T99.M,Afghanistan,AFG,..,..,..,..,..,..,..,..,..,..,..,..,..,..,..,..,..,..,..,..,..,..,..,..,..,..,..,..,..,..,..
"UIS: Percentage of population age 25+ whose highest level of education is upper secondary, male",UIS.EA.3.AG25T99.M,Albania,ALB,..,..,..,..,..,..,..,..,..,..,..,32.84651,..,..,..,..,..,..,33.28552,..,..,35.68135,32.693,..,..,..,..,..,..,..,..
"UIS: Percentage of population age 25+ whose highest level of education is upper secondary, male",UIS.EA.3.AG25T99.M,Algeria,DZA,..,..,..,..,..,..,..,..,..,..,..,..,..,..,..,..,8.62346,..,19.25531,..,..,..,..,..,..,..,..,..,..,..,..
"UIS: Percentage of population age 25+ whose highest level of education is upper secondary, male",UIS.EA.3.AG25T99.M,American Samoa,ASM,..,..,..,..,..,..,..,..,..,..,..,..,..,..,..,..,..,..,..,..,..,..,..,..,..,..,..,..,..,..,..
"UIS: Percentage of population age 25+ whose highest level of education is upper secondary, male",UIS.EA.3.AG25T99.M,Andorra,AND,..,..,..,..,..,..,..,..,..,..,..,..,..,15.47988,19.66129,15.04141,19.97789,..,..,..,..,..,..,..,15.91726,15.8398,15.82734,..,..,..,..
"UIS: Percentage of population age 25+ whose highest level of education is upper secondary, male",UIS.EA.3.AG25T99.M,Angola,AGO,..,..,..,..,..,..,..,..,..,..,..,..,..,..,..,..,..,..,..,..,..,..,..,..,16.5164,..,..,..,..,..,..
"UIS: Percentage of population age 25+ whose highest level of education is upper secondary, male",UIS.EA.3.AG25T99.M,Antigua and Barbuda,ATG,..,..,..,..,..,..,..,..,..,..,..,..,..,..,..,..,..,..,..,..,..,..,..,..,..,..,..,..,..,..,..
"UIS: Percentage of population age 25+ whose highest level of education is upper secondary, male",UIS.EA.3.AG25T99.M,Argentina,ARG,..,..,..,..,..,..,..,..,..,..,..,23.26891,..,28.29083,..,..,32.15325,..,33.14219,33.76083,34.25338,35.20631,35.63895,37.78565,37.00815,37.193,35.97434,..,37.71582,..,..
"UIS: Percentage of population age 25+ whose highest level of education is upper secondary, male",UIS.EA.3.AG25T99.M,Armenia,ARM,..,..,..,..,..,..,..,..,..,..,..,40.61399,..,..,..,..,..,..,..,..,..,45.01479,..,..,..,43.06907,..,45.15529,..,..,..
"UIS: Percentage of population age 25+ whose highest level of education is upper secondary, male",UIS.EA.3.AG25T99.M,Aruba,ABW,..,..,..,..,..,..,..,..,..,..,..,..,..,..,..,..,..,..,..,..,19.05715,..,..,..,..,..,..,..,..,..,..
"UIS: Percentage of population age 25+ whose highest level of education is upper secondary, male",UIS.EA.3.AG25T99.M,Australia,AUS,..,..,..,..,..,..,..,..,..,..,..,..,..,..,38.74314,37.5745,38.06981,38.34679,37.21982,36.23361,36.53176,36.74261,35.19231,36.53226,37.1709,35.35123,34.58244,34.63955,35.38769,..,..
"UIS: Percentage of population age 25+ whose highest level of education is upper secondary, male",UIS.EA.3.AG25T99.M,Austria,AUT,..,..,..,..,..,..,..,..,..,..,..,..,..,..,..,55.0957,..,55.61865,55.36701,55.63121,55.6997,55.22975,54.80675,54.29661,54.80817,54.76568,54.5758,53.77351,..,..,..
"UIS: Percentage of population age 25+ whose highest level of education is upper secondary, male",UIS.EA.3.AG25T99.M,Azerbaijan,AZE,..,..,..,..,..,..,..,..,..,49.15936,..,..,..,..,..,..,..,47.96277,47.96744,57.63396,57.78918,57.77778,57.89255,57.95249,57.92141,57.85466,57.79782,57.73424,..,..,..
"UIS: Percentage of population age 25+ whose highest level of education is upper secondary, male",UIS.EA.3.AG25T99.M,"Bahamas, The",BHS,..,..,..,..,..,..,..,..,..,..,48.09933,..,..,..,..,..,..,..,..,..,52.91649,..,..,..,..,..,..,..,..,..,..
"UIS: Percentage of population age 25+ whose highest level of education is upper secondary, male",UIS.EA.3.AG25T99.M,Bahrain,BHR,..,..,..,..,..,..,..,..,..,..,..,40.89915,..,..,..,..,..,..,..,..,20.45183,..,..,..,..,..,33.77593,35.95886,35.33973,..,..
"UIS: Percentage of population age 25+ whose highest level of education is upper secondary, male",UIS.EA.3.AG25T99.M,Bangladesh,BGD,..,..,..,..,..,..,..,..,..,..,..,15.90549,..,..,..,..,..,..,..,..,..,15.65981,15.75342,14.32153,14.35623,15.3069,15.35672,15.43233,15.38509,15.38657,..
"UIS: Percentage of population age 25+ whose highest level of education is upper secondary, male",UIS.EA.3.AG25T99.M,Barbados,BRB,..,..,..,..,..,..,..,..,..,..,8.71027,..,..,..,..,..,..,..,..,..,..,..,..,..,..,..,..,..,..,..,..
"UIS: Percentage of population age 25+ whose highest level of education is upper secondary, male",UIS.EA.3.AG25T99.M,Belarus,BLR,..,..,..,..,..,..,..,..,..,..,..,..,..,..,..,..,..,..,..,23.82292,..,..,..,..,..,..,..,..,..,..,..
"UIS: Percentage of population age 25+ whose highest level of education is upper secondary, male",UIS.EA.3.AG25T99.M,Belgium,BEL,..,..,..,..,..,..,..,..,..,..,..,..,..,..,..,..,31.72868,..,33.66025,33.37853,32.06336,32.50674,32.38148,33.08582,32.97387,35.16594,35.63469,35.0876,..,..,..
"UIS: Percentage of population age 25+ whose highest level of education is upper secondary, male",UIS.EA.3.AG25T99.M,Belize,BLZ,..,..,..,..,..,..,..,..,..,..,..,..,..,..,..,13.55715,..,..,..,..,19.20983,..,..,..,..,..,..,..,..,..,..
"UIS: Percentage of population age 25+ whose highest level of education is upper secondary, male",UIS.EA.3.AG25T99.M,Benin,BEN,..,..,..,..,..,..,..,..,..,..,..,..,17.46359,..,..,..,..,..,..,..,..,..,..,..,..,..,..,..,..,..,..
"UIS: Percentage of population age 25+ whose highest level of education is upper secondary, male",UIS.EA.3.AG25T99.M,Bermuda,BMU,..,..,..,..,..,..,..,..,..,..,33.42085,..,..,..,..,..,..,..,..,..,25.1079,..,..,..,..,..,34.11564,..,..,..,..
"UIS: Percentage of population age 25+ whose highest level of education is upper secondary, male",UIS.EA.3.AG25T99.M,Bhutan,BTN,..,..,..,..,..,..,..,..,..,..,..,..,..,..,..,..,..,..,..,..,..,..,0.22085,..,..,..,..,6.57317,..,..,..
"UIS: Percentage of population age 25+ whose highest level of education is upper secondary, male",UIS.EA.3.AG25T99.M,Bolivia,BOL,..,..,18.39554,..,..,..,..,..,..,..,..,25.052,..,..,..,..,14.01182,..,17.69675,18.08638,..,..,20.8844,..,..,20.41239,..,..,..,..,..
"UIS: Percentage of population age 25+ whose highest level of education is upper secondary, male",UIS.EA.3.AG25T99.M,Bosnia and Herzegovina,BIH,..,..,..,..,..,..,..,..,..,..,..,..,..,..,..,..,..,..,..,..,24.04126,24.7289,..,..,60.19239,59.82224,61.49927,..,62.03431,..,..
"UIS: Percentage of population age 25+ whose highest level of education is upper secondary, male",UIS.EA.3.AG25T99.M,Botswana,BWA,..,..,..,..,..,..,..,..,..,..,..,..,..,..,..,..,..,..,..,..,..,..,..,..,..,..,..,..,..,..,..
"UIS: Percentage of population age 25+ whose highest level of education is upper secondary, male",UIS.EA.3.AG25T99.M,Brazil,BRA,..,..,..,..,..,..,..,..,..,..,..,..,..,..,20.5526,..,22.69946,23.86934,24.95772,26.15351,24.06632,27.47826,28.26371,28.54262,28.86491,29.68811,29.59473,30.18843,30.51911,..,..
"UIS: Percentage of population age 25+ whose highest level of education is upper secondary, male",UIS.EA.3.AG25T99.M,British Virgin Islands,VGB,..,5.94883,..,..,..,..,..,..,..,..,..,..,..,..,..,..,..,..,..,..,..,..,..,..,..,..,..,..,..,..,..
"UIS: Percentage of population age 25+ whose highest level of education is upper secondary, male",UIS.EA.3.AG25T99.M,Brunei Darussalam,BRN,..,..,..,..,..,..,..,..,..,..,..,..,..,..,..,..,..,..,..,..,..,39.1583,..,..,..,..,..,..,..,..,..
"UIS: Percentage of population age 25+ whose highest level of education is upper secondary, male",UIS.EA.3.AG25T99.M,Bulgaria,BGR,..,..,..,..,..,..,..,..,..,..,..,44.60829,..,..,..,..,49.40974,51.96623,52.06236,52.48336,53.98093,54.94456,56.46012,56.60024,55.08432,55.89905,56.42843,57.09302,..,..,..
"UIS: Percentage of population age 25+ whose highest level of education is upper secondary, male",UIS.EA.3.AG25T99.M,Burkina Faso,BFA,..,..,..,..,..,..,..,..,..,..,..,..,..,..,..,..,3.18855,0.41439,..,..,..,..,..,..,4.29634,..,..,..,..,..,..
"UIS: Percentage of population age 25+ whose highest level of education is upper secondary, male",UIS.EA.3.AG25T99.M,Burundi,BDI,..,..,..,..,..,..,..,..,..,..,..,..,..,..,..,..,..,..,4.67617,..,..,..,..,..,2.50103,..,..,5.28014,..,..,..
"UIS: Percentage of population age 25+ whose highest level of education is upper secondary, male",UIS.EA.3.AG25T99.M,Cabo Verde,CPV,..,..,..,..,..,..,..,..,..,..,..,..,..,..,..,..,..,..,..,..,..,..,..,..,..,8.90688,..,..,..,..,..
"UIS: Percentage of population age 25+ whose highest level of education is upper secondary, male",UIS.EA.3.AG25T99.M,Cambodia,KHM,..,..,..,..,..,..,..,..,..,..,..,..,..,..,..,..,..,7.18907,1.68512,6.43059,..,..,..,..,6.22096,5.46428,..,..,..,..,..
"UIS: Percentage of population age 25+ whose highest level of education is upper secondary, male",UIS.EA.3.AG25T99.M,Cameroon,CMR,..,..,..,..,..,..,..,..,..,..,..,..,..,..,..,..,..,..,..,..,6.83027,..,..,..,..,..,..,..,..,..,..
"UIS: Percentage of population age 25+ whose highest level of education is upper secondary, male",UIS.EA.3.AG25T99.M,Canada,CAN,..,27.55587,..,..,..,..,..,..,..,..,..,37.09714,..,..,..,..,21.80247,..,..,..,..,22.02685,..,..,..,..,23.62669,..,..,..,..
"UIS: Percentage of population age 25+ whose highest level of education is upper secondary, male",UIS.EA.3.AG25T99.M,Cayman Islands,CYM,..,..,..,..,..,..,..,..,..,..,..,..,..,..,45.35197,44.76211,41.85063,28.55271,32.49188,..,..,..,..,..,33.24203,34.95646,..,..,..,..,..
"UIS: Percentage of population age 25+ whose highest level of education is upper secondary, male",UIS.EA.3.AG25T99.M,Central African Republic,CAF,..,..,..,..,..,..,..,..,..,..,..,..,..,..,..,..,..,..,..,..,..,..,..,..,..,..,..,..,..,..,..
"UIS: Percentage of population age 25+ whose highest level of education is upper secondary, male",UIS.EA.3.AG25T99.M,Chad,TCD,..,..,..,..,..,..,..,..,..,..,..,..,..,..,4.06103,..,..,..,..,5.75264,..,..,..,..,..,..,..,..,..,..,..
"UIS: Percentage of population age 25+ whose highest level of education is upper secondary, male",UIS.EA.3.AG25T99.M,Channel Islands,CHI,..,..,..,..,..,..,..,..,..,..,..,..,..,..,..,..,..,..,..,..,..,..,..,..,..,..,..,..,..,..,..
"UIS: Percentage of population age 25+ whose highest level of education is upper secondary, male",UIS.EA.3.AG25T99.M,Chile,CHL,..,..,..,..,..,..,..,..,..,..,..,..,..,..,36.28498,..,..,34.54337,30.85042,..,35.43503,36.50176,..,36.83865,..,37.74825,..,37.94574,..,..,..
"UIS: Percentage of population age 25+ whose highest level of education is upper secondary, male",UIS.EA.3.AG25T99.M,China,CHN,..,..,..,..,..,..,..,..,..,..,..,..,..,..,..,..,..,..,..,..,15.37248,..,..,..,..,..,..,..,..,..,..
"UIS: Percentage of population age 25+ whose highest level of education is upper secondary, male",UIS.EA.3.AG25T99.M,Colombia,COL,..,..,..,..,..,..,..,..,..,..,..,..,..,..,18.58871,17.07654,19.10156,21.89428,22.7408,22.84961,23.57028,24.25617,24.70126,25.07939,25.36801,26.35123,27.57131,..,28.81561,..,..
"UIS: Percentage of population age 25+ whose highest level of education is upper secondary, male",UIS.EA.3.AG25T99.M,Comoros,COM,..,..,..,..,..,..,..,..,..,..,..,..,..,..,..,..,..,..,..,..,..,..,..,..,..,..,..,..,..,..,..
"UIS: Percentage of population age 25+ whose highest level of education is upper secondary, male",UIS.EA.3.AG25T99.M,"Congo, Dem. Rep.",COD,..,..,..,..,..,..,..,..,..,..,..,..,..,..,..,..,..,..,..,..,..,..,..,21.93255,..,..,24.9963,..,..,..,..
"UIS: Percentage of population age 25+ whose highest level of education is upper secondary, male",UIS.EA.3.AG25T99.M,"Congo, Rep.",COG,..,..,..,..,..,..,..,..,..,..,..,..,..,..,..,..,..,..,..,..,..,..,..,..,..,..,..,..,..,..,..
"UIS: Percentage of population age 25+ whose highest level of education is upper secondary, male",UIS.EA.3.AG25T99.M,Costa Rica,CRI,..,..,..,..,..,..,..,..,..,..,..,..,..,..,..,..,..,15.25357,14.39185,15.30037,14.98577,15.66857,15.76976,..,16.28741,15.75377,16.814,..,17.49664,..,..
"UIS: Percentage of population age 25+ whose highest level of education is upper secondary, male",UIS.EA.3.AG25T99.M,Cote d'Ivoire,CIV,..,..,..,..,..,..,..,..,11.40821,..,..,..,..,..,..,..,..,..,..,..,..,..,..,..,8.04252,..,..,..,..,..,..
"UIS: Percentage of population age 25+ whose highest level of education is upper secondary, male",UIS.EA.3.AG25T99.M,Croatia,HRV,..,48.57377,..,..,..,..,..,..,..,..,..,54.48722,..,..,..,..,..,..,..,..,..,60.77196,..,..,..,..,..,..,..,..,..
"UIS: Percentage of population age 25+ whose highest level of education is upper secondary, male",UIS.EA.3.AG25T99.M,Cuba,CUB,..,..,..,..,..,..,..,..,..,..,..,..,31.35613,..,..,..,..,..,..,..,..,..,28.31084,..,..,..,..,..,..,..,..
"UIS: Percentage of population age 25+ whose highest level of education is upper secondary, male",UIS.EA.3.AG25T99.M,Curacao,CUW,..,..,..,..,..,..,..,..,..,..,..,..,..,..,..,..,..,..,..,..,..,..,..,..,..,..,..,..,..,..,..
"UIS: Percentage of population age 25+ whose highest level of education is upper secondary, male",UIS.EA.3.AG25T99.M,Cyprus,CYP,..,..,..,..,..,..,..,..,..,..,..,..,..,..,32.62191,35.13216,35.83208,35.89548,36.56057,36.29654,36.45935,36.24987,37.01635,37.65692,35.73117,35.78313,37.12496,..,38.11386,..,..
"UIS: Percentage of population age 25+ whose highest level of education is upper secondary, male",UIS.EA.3.AG25T99.M,Czech Republic,CZE,..,..,..,..,..,..,..,..,..,..,..,..,..,..,..,..,76.51805,76.78207,76.85175,76.35019,75.79588,73.55117,74.16584,73.55117,74.59809,74.38392,73.58102,73.7777,..,..,..
"UIS: Percentage of population age 25+ whose highest level of education is upper secondary, male",UIS.EA.3.AG25T99.M,Denmark,DNK,..,43.8091,..,..,43.89212,44.77575,..,..,..,..,..,..,..,54.51919,52.68293,..,..,47.15285,47.72277,44.35891,45.17062,46.13164,46.35686,44.99267,39.33566,46.38826,43.82647,..,44.35798,..,..
"UIS: Percentage of population age 25+ whose highest level of education is upper secondary, male",UIS.EA.3.AG25T99.M,Djibouti,DJI,..,..,..,..,..,..,..,..,..,..,..,..,..,..,..,..,..,..,..,..,..,..,..,..,..,..,..,..,..,..,..
"UIS: Percentage of population age 25+ whose highest level of education is upper secondary, male",UIS.EA.3.AG25T99.M,Dominica,DMA,..,..,..,..,..,..,..,..,..,..,..,5.94059,..,..,..,..,..,..,..,..,..,..,..,..,..,..,..,..,..,..,..
"UIS: Percentage of population age 25+ whose highest level of education is upper secondary, male",UIS.EA.3.AG25T99.M,Dominican Republic,DOM,..,..,..,..,..,..,..,..,..,..,..,..,..,..,..,..,..,12.2861,..,..,19.03205,20.33912,20.23829,20.75258,21.4366,21.18666,27.23777,..,..,..,..
"UIS: Percentage of population age 25+ whose highest level of education is upper secondary, male",UIS.EA.3.AG25T99.M,Ecuador,ECU,23.01558,..,..,..,..,..,..,..,..,..,..,..,..,..,..,..,..,21.49173,22.26489,22.88199,23.52458,26.02189,26.70812,26.33972,27.70948,29.65533,29.69541,31.20081,..,..,..
"UIS: Percentage of population age 25+ whose highest level of education is upper secondary, male",UIS.EA.3.AG25T99.M,"Egypt, Arab Rep.",EGY,..,..,..,..,..,..,42.86413,..,..,..,..,..,..,..,..,..,27.48106,..,..,..,..,..,..,..,..,..,..,53.69549,..,..,..
"UIS: Percentage of population age 25+ whose highest level of education is upper secondary, male",UIS.EA.3.AG25T99.M,El Salvador,SLV,..,..,..,..,..,..,..,..,..,..,..,..,..,..,..,..,12.57102,15.9004,14.60301,15.08221,20.2903,15.83682,16.33327,18.20114,..,..,23.43431,23.10114,..,..,..
"UIS: Percentage of population age 25+ whose highest level of education is upper secondary, male",UIS.EA.3.AG25T99.M,Equatorial Guinea,GNQ,..,..,..,..,..,..,..,..,..,..,..,..,..,..,..,..,..,..,..,..,..,..,..,..,..,..,..,..,..,..,..
"UIS: Percentage of population age 25+ whose highest level of education is upper secondary, male",UIS.EA.3.AG25T99.M,Eritrea,ERI,..,..,..,..,..,..,..,..,..,..,..,..,..,..,..,..,..,..,..,..,..,..,..,..,..,..,..,..,..,..,..
"UIS: Percentage of population age 25+ whose highest level of education is upper secondary, male",UIS.EA.3.AG25T99.M,Estonia,EST,..,..,..,..,..,..,..,..,..,..,42.85282,..,..,..,..,..,56.49334,58.97704,57.8125,57.88219,58.23381,56.57804,56.8605,57.17473,53.26492,55.09945,54.29327,53.59487,53.48723,..,..
"UIS: Percentage of population age 25+ whose highest level of education is upper secondary, male",UIS.EA.3.AG25T99.M,Eswatini,SWZ,..,..,..,..,..,..,..,..,..,..,..,..,..,..,..,..,..,..,..,..,..,..,..,..,..,..,..,..,..,..,..
"UIS: Percentage of population age 25+ whose highest level of education is upper secondary, male",UIS.EA.3.AG25T99.M,Ethiopia,ETH,..,..,..,..,..,..,..,..,..,..,..,..,..,..,..,..,..,5.94855,..,..,..,4.22778,..,..,..,..,..,..,..,..,..
"UIS: Percentage of population age 25+ whose highest level of education is upper secondary, male",UIS.EA.3.AG25T99.M,Faroe Islands,FRO,..,..,..,..,..,..,..,..,..,..,..,..,..,..,..,..,..,..,..,..,..,..,..,..,..,..,..,..,..,..,..
"UIS: Percentage of population age 25+ whose highest level of education is upper secondary, male",UIS.EA.3.AG25T99.M,Fiji,FJI,..,..,..,..,..,..,17.15427,..,..,..,..,..,..,..,..,..,..,21.32432,..,..,..,..,..,..,..,..,..,33.23211,..,..,..
"UIS: Percentage of population age 25+ whose highest level of education is upper secondary, male",UIS.EA.3.AG25T99.M,Finland,FIN,..,..,..,..,..,..,..,..,..,..,..,..,..,38.35263,..,39.30524,39.79273,40.23093,40.46073,40.93949,41.26047,41.62225,41.948,41.54641,41.8842,42.03467,..,42.54415,..,..,..
"UIS: Percentage of population age 25+ whose highest level of education is upper secondary, male",UIS.EA.3.AG25T99.M,France,FRA,..,..,..,..,..,..,..,..,..,..,..,..,..,..,39.71176,40.09034,..,40.65273,41.26091,40.90602,41.25411,41.27681,41.2454,42.72685,43.89289,42.68365,43.71193,43.54131,..,..,..
"UIS: Percentage of population age 25+ whose highest level of education is upper secondary, male",UIS.EA.3.AG25T99.M,French Polynesia,PYF,..,..,..,..,..,..,..,..,..,..,..,..,..,..,..,..,..,31.33834,..,..,..,..,..,..,..,..,..,..,..,..,..
"UIS: Percentage of population age 25+ whose highest level of education is upper secondary, male",UIS.EA.3.AG25T99.M,Gabon,GAB,..,..,..,..,..,..,..,..,..,..,..,..,..,..,..,..,..,..,..,..,..,..,..,..,..,..,..,..,..,..,..
"UIS: Percentage of population age 25+ whose highest level of education is upper secondary, male",UIS.EA.3.AG25T99.M,"Gambia, The",GMB,..,..,..,..,..,..,..,..,..,..,..,..,..,..,..,..,..,..,..,..,..,..,..,..,..,..,..,..,..,..,..
"UIS: Percentage of population age 25+ whose highest level of education is upper secondary, male",UIS.EA.3.AG25T99.M,Georgia,GEO,..,..,..,..,..,..,..,..,..,..,..,..,37.12529,..,..,..,..,..,..,..,..,..,44.4353,..,47.86763,..,47.19921,36.79341,..,..,..
"UIS: Percentage of population age 25+ whose highest level of education is upper secondary, male",UIS.EA.3.AG25T99.M,Germany,DEU,..,..,..,..,..,..,..,..,..,..,..,..,..,..,54.93919,57.21791,52.88031,53.45633,52.96675,52.29367,52.23522,52.22286,51.86573,51.46395,51.26659,50.36604,48.89948,..,49.1643,..,..
"UIS: Percentage of population age 25+ whose highest level of education is upper secondary, male",UIS.EA.3.AG25T99.M,Ghana,GHA,..,..,..,..,..,..,..,..,..,..,..,..,..,..,..,..,..,..,..,..,12.19041,..,..,..,..,..,..,..,..,..,..
"UIS: Percentage of population age 25+ whose highest level of education is upper secondary, male",UIS.EA.3.AG25T99.M,Gibraltar,GIB,..,..,..,..,..,..,..,..,..,..,..,..,..,..,..,..,..,..,..,..,..,..,..,..,..,..,..,..,..,..,..
"UIS: Percentage of population age 25+ whose highest level of education is upper secondary, male",UIS.EA.3.AG25T99.M,Greece,GRC,..,..,..,..,..,..,..,..,..,..,..,..,..,..,..,27.28525,28.01238,28.2877,28.5253,..,28.2762,..,..,..,26.64494,28.12151,29.9919,..,..,..,..
"UIS: Percentage of population age 25+ whose highest level of education is upper secondary, male",UIS.EA.3.AG25T99.M,Greenland,GRL,..,..,..,..,..,..,..,..,..,..,..,..,..,..,..,..,..,..,..,..,..,..,25.22527,..,25.49932,26.39019,..,..,28.06093,..,..
"UIS: Percentage of population age 25+ whose highest level of education is upper secondary, male",UIS.EA.3.AG25T99.M,Grenada,GRD,..,..,..,..,..,..,..,..,..,..,..,..,..,..,..,..,..,..,..,..,..,..,..,..,..,..,..,..,..,..,..
"UIS: Percentage of population age 25+ whose highest level of education is upper secondary, male",UIS.EA.3.AG25T99.M,Guam,GUM,..,..,..,..,..,..,..,..,..,..,..,..,..,..,..,..,..,..,..,..,..,..,..,..,..,..,..,..,..,..,..
"UIS: Percentage of population age 25+ whose highest level of education is upper secondary, male",UIS.EA.3.AG25T99.M,Guatemala,GTM,..,..,..,..,..,..,..,..,..,..,..,..,9.13072,..,..,..,7.47843,..,..,..,..,..,16.47957,17.49915,13.89964,..,..,..,..,..,..
"UIS: Percentage of population age 25+ whose highest level of education is upper secondary, male",UIS.EA.3.AG25T99.M,Guinea,GIN,..,..,..,..,..,..,9.03205,..,..,..,..,..,..,..,..,..,..,..,..,..,10.44171,..,..,..,2.06201,..,..,..,..,..,..
"UIS: Percentage of population age 25+ whose highest level of education is upper secondary, male",UIS.EA.3.AG25T99.M,Guinea-Bissau,GNB,..,..,..,..,..,..,..,..,..,..,..,..,..,..,..,..,..,..,..,..,..,..,..,..,..,..,..,..,..,..,..
"UIS: Percentage of population age 25+ whose highest level of education is upper secondary, male",UIS.EA.3.AG25T99.M,Guyana,GUY,..,..,..,..,..,..,..,..,..,..,..,..,..,..,..,..,..,..,..,..,..,..,..,..,..,..,..,..,..,..,..
"UIS: Percentage of population age 25+ whose highest level of education is upper secondary, male",UIS.EA.3.AG25T99.M,Haiti,HTI,..,..,..,..,..,..,..,..,..,..,..,..,..,..,..,..,..,..,..,..,..,..,..,..,..,..,..,..,..,..,..
"UIS: Percentage of population age 25+ whose highest level of education is upper secondary, male",UIS.EA.3.AG25T99.M,Honduras,HND,..,..,..,..,..,..,..,..,..,..,..,..,..,..,..,..,..,7.2794,..,..,..,10.22207,9.93719,..,11.40443,10.87952,12.25691,..,12.11075,..,..
"UIS: Percentage of population age 25+ whose highest level of education is upper secondary, male",UIS.EA.3.AG25T99.M,"Hong Kong SAR, China",HKG,..,26.04312,..,..,..,..,27.96853,..,..,..,..,..,..,..,..,..,31.78923,..,32.22199,32.20417,33.13785,33.62604,..,..,32.81421,32.41587,..,32.57435,..,..,..
"UIS: Percentage of population age 25+ whose highest level of education is upper secondary, male",UIS.EA.3.AG25T99.M,Hungary,HUN,36.2062,..,..,..,..,..,..,..,..,..,..,47.34274,..,..,..,53.67093,..,..,..,61.56079,62.52566,60.48032,60.45394,54.83211,51.51729,51.4065,52.7502,..,..,..,..
"UIS: Percentage of population age 25+ whose highest level of education is upper secondary, male",UIS.EA.3.AG25T99.M,Iceland,ISL,..,..,..,..,..,..,..,..,..,..,..,..,..,..,..,34.5584643750988,..,..,..,..,..,..,..,..,..,..,..,..,..,..,..
"UIS: Percentage of population age 25+ whose highest level of education is upper secondary, male",UIS.EA.3.AG25T99.M,India,IND,..,..,..,..,..,..,..,..,..,..,..,..,..,..,..,..,..,..,..,..,..,21.32436,..,..,..,..,..,..,..,..,..
"UIS: Percentage of population age 25+ whose highest level of education is upper secondary, male",UIS.EA.3.AG25T99.M,Indonesia,IDN,..,..,..,..,..,..,..,..,..,..,..,..,..,..,..,..,21.96339,22.51523,22.90463,24.01578,..,24.55062,..,..,26.04696,26.46092,28.1129,..,28.19714,..,..
"UIS: Percentage of population age 25+ whose highest level of education is upper secondary, male",UIS.EA.3.AG25T99.M,"Iran, Islamic Rep.",IRN,..,..,..,..,..,..,..,..,..,..,..,..,..,..,..,..,26.64495,..,23.18106,..,23.32426,..,23.75804,24.58657,24.52467,..,24.71715,..,..,..,..
"UIS: Percentage of population age 25+ whose highest level of education is upper secondary, male",UIS.EA.3.AG25T99.M,Iraq,IRQ,..,..,..,..,..,..,..,..,..,..,..,..,..,..,..,..,..,..,..,..,..,..,..,11.66809,..,..,..,..,..,..,..
"UIS: Percentage of population age 25+ whose highest level of education is upper secondary, male",UIS.EA.3.AG25T99.M,Ireland,IRL,..,25.1927,..,..,..,..,..,..,..,..,..,..,..,..,..,..,..,19.67399,..,..,21.19211,25.37167,..,..,..,..,..,24.48103,..,..,..
"UIS: Percentage of population age 25+ whose highest level of education is upper secondary, male",UIS.EA.3.AG25T99.M,Isle of Man,IMN,..,..,..,..,..,..,..,..,..,..,..,..,..,..,..,..,..,..,..,..,..,..,..,..,..,..,..,..,..,..,..
"UIS: Percentage of population age 25+ whose highest level of education is upper secondary, male",UIS.EA.3.AG25T99.M,Israel,ISR,..,..,..,..,..,..,..,..,..,..,..,..,..,..,34.74228,..,34.74228,36.56804,..,36.48507,36.77784,36.42218,39.06665,38.65729,38.01707,37.60176,..,..,..,..,..
"UIS: Percentage of population age 25+ whose highest level of education is upper secondary, male",UIS.EA.3.AG25T99.M,Italy,ITA,..,..,..,..,..,..,..,..,..,..,..,27.58943,..,..,..,31.51373,32.01844,33.00306,33.2819,34.28082,34.78681,35.15668,35.54258,..,36.13588,36.17154,..,..,..,..,..
"UIS: Percentage of population age 25+ whose highest level of education is upper secondary, male",UIS.EA.3.AG25T99.M,Jamaica,JAM,..,..,..,..,..,..,..,..,..,..,..,..,..,..,..,..,..,..,..,..,..,..,..,..,..,..,..,..,..,..,..
"UIS: Percentage of population age 25+ whose highest level of education is upper secondary, male",UIS.EA.3.AG25T99.M,Japan,JPN,41.46026,..,..,..,..,..,..,..,..,..,..,..,..,..,..,..,..,..,..,..,38.32081,..,..,..,..,..,..,..,..,..,..
"UIS: Percentage of population age 25+ whose highest level of education is upper secondary, male",UIS.EA.3.AG25T99.M,Jordan,JOR,..,..,..,..,..,..,..,..,..,..,..,..,..,0.90294,..,..,..,..,14.03372,..,14.13069,..,..,..,..,..,..,..,..,..,..
"UIS: Percentage of population age 25+ whose highest level of education is upper secondary, male",UIS.EA.3.AG25T99.M,Kazakhstan,KAZ,..,..,..,..,..,..,..,..,..,36.81099,..,..,..,..,..,..,..,43.71027,..,33.45481,..,..,..,..,..,..,..,..,18.97668,..,..
"UIS: Percentage of population age 25+ whose highest level of education is upper secondary, male",UIS.EA.3.AG25T99.M,Kenya,KEN,..,..,..,..,..,..,..,..,..,..,..,..,..,..,..,..,..,..,..,22.94934,16.25793,..,..,..,..,..,..,..,..,..,..
"UIS: Percentage of population age 25+ whose highest level of education is upper secondary, male",UIS.EA.3.AG25T99.M,Kiribati,KIR,..,..,..,..,..,..,..,..,..,..,..,..,..,..,..,..,..,..,..,..,..,..,..,..,..,..,..,..,..,..,..
"UIS: Percentage of population age 25+ whose highest level of education is upper secondary, male",UIS.EA.3.AG25T99.M,"Korea, Dem. People’s Rep.",PRK,..,..,..,..,..,..,..,..,..,..,..,..,..,..,..,..,..,..,..,..,..,..,..,..,..,..,..,..,..,..,..
"UIS: Percentage of population age 25+ whose highest level of education is upper secondary, male",UIS.EA.3.AG25T99.M,"Korea, Rep.",KOR,40.2443,..,..,..,..,38.49248,..,..,..,..,41.90262,..,..,..,..,38.66105,..,..,..,40.8325,38.7964,..,..,..,..,37.6265,..,..,..,..,..
"UIS: Percentage of population age 25+ whose highest level of education is upper secondary, male",UIS.EA.3.AG25T99.M,Kosovo,XKX,..,..,..,..,..,..,..,..,..,..,..,..,..,..,..,..,..,..,..,..,..,..,..,..,..,..,..,..,..,..,..
"UIS: Percentage of population age 25+ whose highest level of education is upper secondary, male",UIS.EA.3.AG25T99.M,Kuwait,KWT,..,..,..,..,..,..,..,..,..,..,..,..,..,..,..,11.77956,12.06618,12.57719,13.03211,..,..,..,17.4711,13.50598,..,12.7348,..,11.63649,11.08662,..,..
"UIS: Percentage of population age 25+ whose highest level of education is upper secondary, male",UIS.EA.3.AG25T99.M,Kyrgyz Republic,KGZ,..,..,..,..,..,..,..,..,..,54.11373,..,..,..,..,..,..,..,..,..,66.72421,..,..,..,..,..,..,..,..,..,..,..
"UIS: Percentage of population age 25+ whose highest level of education is upper secondary, male",UIS.EA.3.AG25T99.M,Lao PDR,LAO,..,..,..,..,..,..,..,..,..,..,..,..,..,..,..,..,..,..,..,..,..,..,..,..,..,..,..,..,..,..,..
"UIS: Percentage of population age 25+ whose highest level of education is upper secondary, male",UIS.EA.3.AG25T99.M,Latvia,LVA,..,..,..,..,..,..,..,..,..,..,..,..,..,..,52.36953,53.38778,54.81493,55.31113,55.86685,56.66067,56.85864,55.48527,55.92291,54.83274,56.23085,58.03815,57.55396,..,53.07719,..,..
"UIS: Percentage of population age 25+ whose highest level of education is upper secondary, male",UIS.EA.3.AG25T99.M,Lebanon,LBN,..,..,..,..,..,..,..,..,..,..,..,..,..,..,..,..,..,16.7847,..,..,..,..,..,..,..,..,..,..,..,..,..
"UIS: Percentage of population age 25+ whose highest level of education is upper secondary, male",UIS.EA.3.AG25T99.M,Lesotho,LSO,..,..,..,..,..,..,..,..,..,..,..,..,..,..,..,..,21.40614,..,8.34133,..,..,..,..,..,..,..,..,..,..,..,..
"UIS: Percentage of population age 25+ whose highest level of education is upper secondary, male",UIS.EA.3.AG25T99.M,Liberia,LBR,..,..,..,..,..,..,..,..,..,..,..,..,..,..,..,..,..,..,..,..,..,..,..,..,..,..,..,..,..,..,..
"UIS: Percentage of population age 25+ whose highest level of education is upper secondary, male",UIS.EA.3.AG25T99.M,Libya,LBY,..,..,..,..,..,..,..,..,..,..,..,..,..,..,..,..,..,..,..,..,..,..,..,..,..,..,..,..,..,..,..
"UIS: Percentage of population age 25+ whose highest level of education is upper secondary, male",UIS.EA.3.AG25T99.M,Liechtenstein,LIE,..,..,..,..,..,..,..,..,..,..,61.68316,..,..,..,..,..,..,..,..,..,..,..,..,..,..,..,..,..,..,..,..
"UIS: Percentage of population age 25+ whose highest level of education is upper secondary, male",UIS.EA.3.AG25T99.M,Lithuania,LTU,..,..,..,..,..,..,..,..,..,..,..,..,..,..,..,35.29126,35.09232,34.01911,36.47756,38.58078,39.64054,40.23473,40.22442,41.34277,40.52496,39.7086,40.51666,39.02447,..,..,..
"UIS: Percentage of population age 25+ whose highest level of education is upper secondary, male",UIS.EA.3.AG25T99.M,Luxembourg,LUX,..,..,..,..,..,..,..,..,..,..,..,9.89372,..,35.89754,..,..,..,36.55772,..,43.01494,42.4918,40.40716,39.20863,39.17647,37.07542,35.04108,..,..,..,..,..
"UIS: Percentage of population age 25+ whose highest level of education is upper secondary, male",UIS.EA.3.AG25T99.M,"Macao SAR, China",MAC,..,22.61685,..,..,..,..,..,..,..,..,..,..,..,..,..,..,22.93078,..,..,..,..,26.18117,..,..,..,..,26.51359,..,..,..,..
"UIS: Percentage of population age 25+ whose highest level of education is upper secondary, male",UIS.EA.3.AG25T99.M,Madagascar,MDG,..,..,..,..,..,..,..,..,..,..,..,..,..,..,..,..,..,..,..,..,..,..,..,..,..,..,..,..,..,..,..
"UIS: Percentage of population age 25+ whose highest level of education is upper secondary, male",UIS.EA.3.AG25T99.M,Malawi,MWI,..,..,..,..,..,..,..,..,7.4084,..,..,..,..,..,..,..,..,..,..,..,..,..,..,..,..,..,..,..,..,..,..
"UIS: Percentage of population age 25+ whose highest level of education is upper secondary, male",UIS.EA.3.AG25T99.M,Malaysia,MYS,..,..,..,..,..,..,25.59313,..,..,..,25.4314,..,..,..,..,23.39409,..,..,..,34.64582,35.0319,..,..,..,..,..,37.9759,..,..,..,..
"UIS: Percentage of population age 25+ whose highest level of education is upper secondary, male",UIS.EA.3.AG25T99.M,Maldives,MDV,..,..,..,..,..,..,..,..,..,..,..,..,..,..,..,..,1.32328,..,..,..,..,..,..,..,..,..,..,..,..,..,..
"UIS: Percentage of population age 25+ whose highest level of education is upper secondary, male",UIS.EA.3.AG25T99.M,Mali,MLI,..,..,..,..,..,..,..,..,..,..,..,..,..,..,..,..,3.37085,..,..,..,..,5.93749,..,..,..,1.12714,1.12787,..,1.49703,..,..
"UIS: Percentage of population age 25+ whose highest level of education is upper secondary, male",UIS.EA.3.AG25T99.M,Malta,MLT,..,..,..,..,..,..,..,..,..,..,14.00527,..,..,..,..,15.70157,..,5.65001,..,..,6.78559,7.42397,10.29322,9.91741,10.38065,11.64054,11.72089,..,14.5284,..,..
"UIS: Percentage of population age 25+ whose highest level of education is upper secondary, male",UIS.EA.3.AG25T99.M,Marshall Islands,MHL,..,..,..,..,..,..,..,..,..,..,..,..,..,..,..,..,..,..,..,..,..,51.34019,..,..,..,..,..,..,..,..,..
"UIS: Percentage of population age 25+ whose highest level of education is upper secondary, male",UIS.EA.3.AG25T99.M,Mauritania,MRT,..,..,..,..,..,..,..,..,..,..,..,..,..,..,..,..,..,..,..,..,..,..,..,..,..,..,..,..,..,..,..
"UIS: Percentage of population age 25+ whose highest level of education is upper secondary, male",UIS.EA.3.AG25T99.M,Mauritius,MUS,28.74735,..,..,..,..,..,..,..,..,..,14.00527,..,..,..,..,..,..,..,..,..,..,32.19009,..,..,..,..,..,..,..,..,..
"UIS: Percentage of population age 25+ whose highest level of education is upper secondary, male",UIS.EA.3.AG25T99.M,Mexico,MEX,10.2758,..,..,..,..,..,..,..,..,..,11.19988,..,..,..,11.25232,13.70672,14.77125,15.15867,15.3418,15.4317,14.94063,..,17.04994,16.53051,17.00137,17.36478,17.95913,17.91108,18.8917,..,..
"UIS: Percentage of population age 25+ whose highest level of education is upper secondary, male",UIS.EA.3.AG25T99.M,"Micronesia, Fed. Sts.",FSM,..,..,..,..,..,..,..,..,..,..,..,..,..,..,..,..,..,..,..,..,..,..,..,..,..,..,..,..,..,..,..
"UIS: Percentage of population age 25+ whose highest level of education is upper secondary, male",UIS.EA.3.AG25T99.M,Moldova,MDA,..,..,..,..,..,..,..,..,..,..,..,..,..,..,..,..,..,49.50472,50.69312,51.10713,50.28876,48.87061,30.72043,47.95538,47.63587,48.33875,..,..,48.4646,..,..
"UIS: Percentage of population age 25+ whose highest level of education is upper secondary, male",UIS.EA.3.AG25T99.M,Monaco,MCO,..,..,..,..,..,..,..,..,..,..,..,..,..,..,..,..,..,..,..,..,..,..,..,..,..,..,..,..,..,..,..
"UIS: Percentage of population age 25+ whose highest level of education is upper secondary, male",UIS.EA.3.AG25T99.M,Mongolia,MNG,..,..,..,..,..,..,..,..,..,..,22.11678,..,..,..,..,..,..,..,..,..,33.12486,..,..,..,..,..,..,..,..,..,..
"UIS: Percentage of population age 25+ whose highest level of education is upper secondary, male",UIS.EA.3.AG25T99.M,Montenegro,MNE,..,..,..,..,..,..,..,..,..,..,..,..,..,55.65924,..,..,..,..,..,..,..,58.85875,..,..,..,..,..,..,..,..,..
"UIS: Percentage of population age 25+ whose highest level of education is upper secondary, male",UIS.EA.3.AG25T99.M,Morocco,MAR,..,..,..,..,..,..,..,..,..,..,..,..,..,..,..,..,..,..,..,..,..,..,..,..,..,..,..,..,..,..,..
"UIS: Percentage of population age 25+ whose highest level of education is upper secondary, male",UIS.EA.3.AG25T99.M,Mozambique,MOZ,..,..,..,..,..,..,..,..,..,..,..,..,..,..,..,..,..,..,..,..,..,4.04698,..,..,..,8.63652,..,8.91215,..,..,..
"UIS: Percentage of population age 25+ whose highest level of education is upper secondary, male",UIS.EA.3.AG25T99.M,Myanmar,MMR,..,..,..,..,..,..,..,..,..,..,..,..,..,..,..,..,..,..,..,..,..,..,..,..,..,..,..,..,..,..,..
"UIS: Percentage of population age 25+ whose highest level of education is upper secondary, male",UIS.EA.3.AG25T99.M,Namibia,NAM,..,..,..,..,..,..,..,..,..,..,..,12.60652,..,..,..,..,..,..,..,..,..,..,..,..,..,..,..,..,..,..,..
"UIS: Percentage of population age 25+ whose highest level of education is upper secondary, male",UIS.EA.3.AG25T99.M,Nauru,NRU,..,..,..,..,..,..,..,..,..,..,..,..,..,..,..,..,..,..,..,..,..,..,..,..,..,..,..,..,..,..,..
"UIS: Percentage of population age 25+ whose highest level of education is upper secondary, male",UIS.EA.3.AG25T99.M,Nepal,NPL,..,..,..,..,..,..,..,..,..,..,..,14.61,..,..,..,..,..,..,..,..,..,10.25977,..,..,..,..,..,..,..,..,..
"UIS: Percentage of population age 25+ whose highest level of education is upper secondary, male",UIS.EA.3.AG25T99.M,Netherlands,NLD,..,..,..,..,..,..,..,..,..,..,..,..,..,..,39.82258,37.47945,..,37.35924,36.19599,35.93159,35.59836,35.36304,35.72559,40.14256,40.31196,39.97927,39.6472,..,39.3771,..,..
"UIS: Percentage of population age 25+ whose highest level of education is upper secondary, male",UIS.EA.3.AG25T99.M,New Caledonia,NCL,..,..,..,..,..,..,..,..,..,..,..,..,..,..,..,..,..,..,..,..,..,..,..,..,..,..,..,..,..,..,..
"UIS: Percentage of population age 25+ whose highest level of education is upper secondary, male",UIS.EA.3.AG25T99.M,New Zealand,NZL,..,7.58621,..,..,..,..,..,..,..,..,..,28.91683,..,..,..,..,23.08687,..,..,..,..,18.97837,18.98362,..,20.8781,23.04284,20.41315,..,..,..,..
"UIS: Percentage of population age 25+ whose highest level of education is upper secondary, male",UIS.EA.3.AG25T99.M,Nicaragua,NIC,..,..,..,..,..,..,..,..,..,..,..,..,..,..,..,..,..,..,..,..,..,..,..,..,..,..,..,..,..,..,..
"UIS: Percentage of population age 25+ whose highest level of education is upper secondary, male",UIS.EA.3.AG25T99.M,Niger,NER,..,..,..,..,..,..,..,..,..,..,..,..,..,..,..,..,..,..,..,..,..,..,2.29971,..,..,..,..,..,..,..,..
"UIS: Percentage of population age 25+ whose highest level of education is upper secondary, male",UIS.EA.3.AG25T99.M,Nigeria,NGA,..,..,..,..,..,..,..,..,..,..,..,..,..,..,..,..,29.41973,..,..,..,..,..,..,..,..,..,..,..,..,..,..
"UIS: Percentage of population age 25+ whose highest level of education is upper secondary, male",UIS.EA.3.AG25T99.M,North Macedonia,MKD,..,..,..,..,..,..,..,..,..,..,..,..,41.83327,..,..,..,..,..,..,..,..,..,..,..,..,..,..,..,..,..,..
"UIS: Percentage of population age 25+ whose highest level of education is upper secondary, male",UIS.EA.3.AG25T99.M,Northern Mariana Islands,MNP,..,..,..,..,..,..,..,..,..,..,..,..,..,..,..,..,..,..,..,..,..,..,..,..,..,..,..,..,..,..,..
"UIS: Percentage of population age 25+ whose highest level of education is upper secondary, male",UIS.EA.3.AG25T99.M,Norway,NOR,47.77902,..,..,..,..,..,..,..,..,..,..,..,..,..,41.92883,41.97354,42.48429,41.92585,41.59256,41.43131,40.60844,41.97973,..,..,40.15152,40.50165,40.0622,39.4351,..,..,..
"UIS: Percentage of population age 25+ whose highest level of education is upper secondary, male",UIS.EA.3.AG25T99.M,Oman,OMN,..,..,..,..,..,..,..,..,..,..,..,..,..,15.17672,..,..,..,..,21.29158,..,22.31872,..,..,..,..,26.3451,..,..,..,..,..
"UIS: Percentage of population age 25+ whose highest level of education is upper secondary, male",UIS.EA.3.AG25T99.M,Pakistan,PAK,..,..,..,..,..,..,..,..,..,..,..,..,..,..,..,4.05993,22.57748,..,22.75578,22.61739,23.01115,23.35361,22.25675,21.88051,22.87349,..,22.87349,22.10044,..,..,..
"UIS: Percentage of population age 25+ whose highest level of education is upper secondary, male",UIS.EA.3.AG25T99.M,Palau,PLW,..,..,..,..,..,..,..,..,..,..,..,..,..,..,..,..,..,..,..,..,..,..,..,57.90534,..,..,..,..,..,..,..
"UIS: Percentage of population age 25+ whose highest level of education is upper secondary, male",UIS.EA.3.AG25T99.M,Panama,PAN,15.39711,..,..,..,..,..,..,..,..,..,21.35986,..,..,..,..,..,..,..,..,..,20.36601,..,..,..,..,..,..,..,..,..,..
"UIS: Percentage of population age 25+ whose highest level of education is upper secondary, male",UIS.EA.3.AG25T99.M,Papua New Guinea,PNG,..,..,..,..,..,..,..,..,..,..,..,..,..,..,..,..,..,..,..,..,..,..,..,..,..,..,..,..,..,..,..
"UIS: Percentage of population age 25+ whose highest level of education is upper secondary, male",UIS.EA.3.AG25T99.M,Paraguay,PRY,..,..,10.65735,..,..,..,..,..,..,..,..,..,..,17.068,..,17.14285,17.89642,19.48942,19.74776,18.78555,..,..,22.55471,23.76845,24.08248,26.32082,24.39347,..,26.25244,..,..
"UIS: Percentage of population age 25+ whose highest level of education is upper secondary, male",UIS.EA.3.AG25T99.M,Peru,PER,..,..,..,..,..,..,..,..,..,..,..,..,..,..,37.05893,28.63609,29.39189,32.29504,32.78586,32.56203,36.43062,36.66863,38.31685,37.67299,39.09456,39.68313,..,..,40.10759,..,..
"UIS: Percentage of population age 25+ whose highest level of education is upper secondary, male",UIS.EA.3.AG25T99.M,Philippines,PHL,..,..,..,..,..,..,..,..,..,..,20.33303,..,..,..,24.26206,..,..,..,35.29822,..,24.51727,..,..,25.35469,..,..,..,..,..,..,..
"UIS: Percentage of population age 25+ whose highest level of education is upper secondary, male",UIS.EA.3.AG25T99.M,Poland,POL,..,..,..,..,..,..,..,..,..,..,..,..,60.8863,..,..,..,..,..,65.02017,64.63399,64.20586,64.18006,63.9534,63.83894,63.45817,..,64.09521,..,..,..,..
"UIS: Percentage of population age 25+ whose highest level of education is upper secondary, male",UIS.EA.3.AG25T99.M,Portugal,PRT,..,..,..,..,..,..,..,..,8.282,8.71117,9.17011,9.67733,9.84915,10.10685,10.40204,10.89874,11.12921,10.97493,11.36461,12.15297,12.85251,13.68434,14.64159,16.10139,16.90906,17.93382,18.55451,18.83828,18.70572,..,..
"UIS: Percentage of population age 25+ whose highest level of education is upper secondary, male",UIS.EA.3.AG25T99.M,Puerto Rico,PRI,37.88723,..,..,..,..,..,..,..,..,..,39.82599,..,..,..,..,38.34054,39.13064,40.4673,37.89199,..,..,28.27593,41.5677,..,..,..,..,34.22391,..,..,..
"UIS: Percentage of population age 25+ whose highest level of education is upper secondary, male",UIS.EA.3.AG25T99.M,Qatar,QAT,..,..,..,..,..,..,..,..,..,..,..,..,..,..,14.76692,..,..,19.16647,25.53223,18.24357,19.37799,19.05085,15.38756,22.14601,19.75572,..,16.77627,16.63948,..,..,..
"UIS: Percentage of population age 25+ whose highest level of education is upper secondary, male",UIS.EA.3.AG25T99.M,Romania,ROU,..,..,..,..,..,..,..,..,..,..,..,..,46.33331,..,..,..,..,55.59741,55.26165,54.50874,53.96535,53.88241,54.34641,54.93714,50.97447,52.41402,54.10375,55.0438,..,..,..
"UIS: Percentage of population age 25+ whose highest level of education is upper secondary, male",UIS.EA.3.AG25T99.M,Russian Federation,RUS,..,..,..,..,..,..,..,..,..,..,..,..,37.71173,..,..,..,..,..,..,..,25.37415,..,..,..,..,..,..,..,..,..,..
"UIS: Percentage of population age 25+ whose highest level of education is upper secondary, male",UIS.EA.3.AG25T99.M,Rwanda,RWA,..,..,..,..,..,..,..,..,..,..,..,..,..,..,..,..,..,..,..,..,..,..,5.67777,..,5.93563,..,..,..,6.60609,..,..
"UIS: Percentage of population age 25+ whose highest level of education is upper secondary, male",UIS.EA.3.AG25T99.M,Samoa,WSM,..,..,..,..,..,..,..,..,..,..,..,46.26312,..,..,..,..,..,..,..,..,..,55.08112,..,..,..,..,..,..,..,..,..
"UIS: Percentage of population age 25+ whose highest level of education is upper secondary, male",UIS.EA.3.AG25T99.M,San Marino,SMR,..,..,..,..,..,..,..,..,..,..,..,..,..,..,..,..,..,..,..,..,..,..,..,..,..,..,..,..,34.6548,..,..
"UIS: Percentage of population age 25+ whose highest level of education is upper secondary, male",UIS.EA.3.AG25T99.M,Sao Tome and Principe,STP,..,..,..,..,..,..,..,..,..,..,..,..,..,..,..,..,..,..,..,..,..,..,40.5651,..,..,..,..,..,..,..,..
"UIS: Percentage of population age 25+ whose highest level of education is upper secondary, male",UIS.EA.3.AG25T99.M,Saudi Arabia,SAU,..,..,..,..,..,..,..,..,..,..,20.77275,..,..,..,15.85792,..,..,..,..,..,..,..,..,23.84211,..,..,..,22.77869,..,..,..
"UIS: Percentage of population age 25+ whose highest level of education is upper secondary, male",UIS.EA.3.AG25T99.M,Senegal,SEN,..,..,..,..,..,..,..,..,..,..,..,..,..,..,..,..,2.27811,..,..,..,..,3.88309,..,5.43867,..,..,..,1.40556,..,..,..
"UIS: Percentage of population age 25+ whose highest level of education is upper secondary, male",UIS.EA.3.AG25T99.M,Serbia,SRB,..,..,..,..,..,..,..,..,..,..,..,..,..,..,..,..,..,..,54.83614,54.43114,55.57694,52.53905,..,54.49956,55.6954597819733,54.35986,54.00574,54.19838,..,..,..
"UIS: Percentage of population age 25+ whose highest level of education is upper secondary, male",UIS.EA.3.AG25T99.M,Seychelles,SYC,..,..,..,..,..,..,..,..,..,..,..,..,36.4559,..,..,..,..,..,..,..,..,..,..,..,..,..,..,..,..,..,..
"UIS: Percentage of population age 25+ whose highest level of education is upper secondary, male",UIS.EA.3.AG25T99.M,Sierra Leone,SLE,..,..,..,..,..,..,..,..,..,..,..,..,..,..,..,..,..,..,..,..,..,..,..,..,..,..,..,..,..,..,..
"UIS: Percentage of population age 25+ whose highest level of education is upper secondary, male",UIS.EA.3.AG25T99.M,Singapore,SGP,9.45207,..,..,..,..,15.53176,..,..,..,..,..,..,..,..,..,20.66277,20.47582,20.16286,21.07319,21.61024,17.89835,18.08145,17.31395,17.26675,16.55725,17.28461,16.37821,15.92109,16.37618,..,..
"UIS: Percentage of population age 25+ whose highest level of education is upper secondary, male",UIS.EA.3.AG25T99.M,Sint Maarten (Dutch part),SXM,..,..,..,..,..,..,..,..,..,..,..,..,..,..,..,..,..,..,..,..,..,..,..,..,..,..,..,..,..,..,..
"UIS: Percentage of population age 25+ whose highest level of education is upper secondary, male",UIS.EA.3.AG25T99.M,Slovak Republic,SVK,..,..,..,..,..,..,..,..,..,..,..,25.58702,..,..,..,..,..,..,..,..,..,67.76151,74.33575,73.9295,71.25389,71.77904,71.8399,70.26914,..,..,..
"UIS: Percentage of population age 25+ whose highest level of education is upper secondary, male",UIS.EA.3.AG25T99.M,Slovenia,SVN,..,..,..,..,..,..,..,..,..,..,..,..,..,..,62.75282,62.91844,63.12769,59.85714,63.28246,64.6978,64.13046,64.3918,63.31345,62.23404,63.05221,63.77005,63.38708,62.37293,..,..,..
"UIS: Percentage of population age 25+ whose highest level of education is upper secondary, male",UIS.EA.3.AG25T99.M,Solomon Islands,SLB,..,..,..,..,..,..,..,..,..,..,..,..,..,..,..,..,..,..,..,..,..,..,..,..,..,..,..,..,..,..,..
"UIS: Percentage of population age 25+ whose highest level of education is upper secondary, male",UIS.EA.3.AG25T99.M,Somalia,SOM,..,..,..,..,..,..,..,..,..,..,..,..,..,..,..,..,..,..,..,..,..,..,..,..,..,..,..,..,..,..,..
"UIS: Percentage of population age 25+ whose highest level of education is upper secondary, male",UIS.EA.3.AG25T99.M,South Africa,ZAF,..,..,..,..,..,..,..,..,..,..,..,19.46213,37.63243,40.44736,40.37676,41.13197,43.63866,41.91157,43.8492,45.91963,46.63275,46.33731,48.34004,..,49.68701,50.07764,..,48.50056,..,..,..
"UIS: Percentage of population age 25+ whose highest level of education is upper secondary, male",UIS.EA.3.AG25T99.M,South Sudan,SSD,..,..,..,..,..,..,..,..,..,..,..,..,..,..,..,..,..,..,4.61533,..,..,..,..,..,..,..,..,..,..,..,..
"UIS: Percentage of population age 25+ whose highest level of education is upper secondary, male",UIS.EA.3.AG25T99.M,Spain,ESP,..,..,..,..,..,..,..,..,..,..,..,..,..,..,16.41686,17.68615,18.48579,18.95214,18.95619,19.15266,19.43901,19.30661,19.10248,..,18.90563,19.42004,19.52898,..,19.59482,..,..
"UIS: Percentage of population age 25+ whose highest level of education is upper secondary, male",UIS.EA.3.AG25T99.M,Sri Lanka,LKA,..,..,..,..,..,..,..,..,..,..,..,21.1491,..,..,..,..,..,..,..,..,..,..,..,..,..,..,54.96397,55.62255,56.22381,..,..
"UIS: Percentage of population age 25+ whose highest level of education is upper secondary, male",UIS.EA.3.AG25T99.M,St. Kitts and Nevis,KNA,..,..,..,..,..,..,..,..,..,..,..,..,..,..,..,..,..,..,..,..,..,..,..,..,..,..,..,..,..,..,..
"UIS: Percentage of population age 25+ whose highest level of education is upper secondary, male",UIS.EA.3.AG25T99.M,St. Lucia,LCA,..,..,..,..,..,..,..,..,..,..,..,..,..,..,..,..,..,..,..,..,20.42559,..,..,23.904,..,..,..,..,..,..,..
"UIS: Percentage of population age 25+ whose highest level of education is upper secondary, male",UIS.EA.3.AG25T99.M,St. Martin (French part),MAF,..,..,..,..,..,..,..,..,..,..,..,..,..,..,..,..,..,..,..,..,..,..,..,..,..,..,..,..,..,..,..
"UIS: Percentage of population age 25+ whose highest level of education is upper secondary, male",UIS.EA.3.AG25T99.M,St. Vincent and the Grenadines,VCT,..,..,..,..,..,..,..,..,..,..,..,..,..,..,..,..,..,..,..,..,..,..,..,..,..,..,..,32.29849,..,..,..
"UIS: Percentage of population age 25+ whose highest level of education is upper secondary, male",UIS.EA.3.AG25T99.M,Sudan,SDN,..,..,..,..,..,..,..,..,..,..,..,..,..,..,..,..,..,..,..,..,..,..,..,..,..,..,..,..,..,..,..
"UIS: Percentage of population age 25+ whose highest level of education is upper secondary, male",UIS.EA.3.AG25T99.M,Suriname,SUR,..,..,..,..,..,..,..,..,..,..,..,..,..,..,4.57406,..,..,..,..,..,..,..,12.93265,..,..,..,..,..,..,..,..
"UIS: Percentage of population age 25+ whose highest level of education is upper secondary, male",UIS.EA.3.AG25T99.M,Sweden,SWE,38.03553,38.64054,41.34871,41.92179,42.19205,42.91441,..,..,..,..,..,..,..,..,46.62839,46.70431,46.67255,46.652,45.03892,45.02083,44.99459,45.08254,45.17055,41.40237,41.2746,41.16342,40.92082,40.80504,..,..,..
"UIS: Percentage of population age 25+ whose highest level of education is upper secondary, male",UIS.EA.3.AG25T99.M,Switzerland,CHE,..,..,..,..,..,..,..,..,..,..,..,..,..,..,..,..,..,..,..,45.65794,40.78716,40.4398,39.31612,..,45.42696,44.57725,44.61426,..,43.25933,..,..
"UIS: Percentage of population age 25+ whose highest level of education is upper secondary, male",UIS.EA.3.AG25T99.M,Syrian Arab Republic,SYR,..,..,..,..,..,..,..,..,..,..,..,..,6.21337,..,..,..,..,9.51187,10.22547,10.26242,..,..,..,..,..,..,..,..,..,..,..
"UIS: Percentage of population age 25+ whose highest level of education is upper secondary, male",UIS.EA.3.AG25T99.M,Tajikistan,TJK,..,..,..,..,..,..,..,..,..,..,57.80512,..,..,..,..,..,..,..,..,..,..,..,..,..,..,..,..,53.64207,..,..,..
"UIS: Percentage of population age 25+ whose highest level of education is upper secondary, male",UIS.EA.3.AG25T99.M,Tanzania,TZA,..,..,..,..,..,..,..,..,..,..,..,..,1.14167,..,..,..,..,..,..,..,..,..,1.25844,..,..,..,..,..,..,..,..
"UIS: Percentage of population age 25+ whose highest level of education is upper secondary, male",UIS.EA.3.AG25T99.M,Thailand,THA,..,..,..,..,..,..,..,..,..,..,..,..,..,..,11.21357,..,11.44964,..,..,..,16.17332,..,..,14.0424,..,..,15.32716,..,15.46024,..,..
"UIS: Percentage of population age 25+ whose highest level of education is upper secondary, male",UIS.EA.3.AG25T99.M,Timor-Leste,TLS,..,..,..,..,..,..,..,..,..,..,..,..,..,..,..,..,..,..,..,..,..,..,..,..,..,..,..,..,..,..,..
"UIS: Percentage of population age 25+ whose highest level of education is upper secondary, male",UIS.EA.3.AG25T99.M,Togo,TGO,..,..,..,..,..,..,..,..,..,..,..,..,..,..,..,..,..,..,..,10.37752,..,6.83269,..,..,..,..,..,..,..,..,..
"UIS: Percentage of population age 25+ whose highest level of education is upper secondary, male",UIS.EA.3.AG25T99.M,Tonga,TON,..,..,..,..,..,..,..,..,..,..,..,..,..,..,..,..,..,..,..,..,..,35.32762,..,..,..,..,..,..,..,..,..
"UIS: Percentage of population age 25+ whose highest level of education is upper secondary, male",UIS.EA.3.AG25T99.M,Trinidad and Tobago,TTO,..,..,..,..,..,..,..,..,..,..,..,..,..,..,..,..,..,..,11.36938,10.92134,..,44.54802,..,..,..,..,..,..,..,..,..
"UIS: Percentage of population age 25+ whose highest level of education is upper secondary, male",UIS.EA.3.AG25T99.M,Tunisia,TUN,..,..,..,..,..,..,..,..,..,..,..,..,..,..,..,..,..,..,..,..,..,..,..,..,..,..,..,..,..,..,..
"UIS: Percentage of population age 25+ whose highest level of education is upper secondary, male",UIS.EA.3.AG25T99.M,Turkey,TUR,..,..,..,..,..,..,..,..,..,..,..,..,..,..,17.67306,18.53408,18.84029,18.72059,18.76813,19.57438,21.28945,22.22992,22.71311,22.17873,23.18305,20.81787,23.22723,23.7253,..,..,..
"UIS: Percentage of population age 25+ whose highest level of education is upper secondary, male",UIS.EA.3.AG25T99.M,Turkmenistan,TKM,..,..,..,..,..,43.51534,..,..,..,..,..,..,..,..,..,..,..,..,..,..,..,..,..,..,..,..,..,..,..,..,..
"UIS: Percentage of population age 25+ whose highest level of education is upper secondary, male",UIS.EA.3.AG25T99.M,Turks and Caicos Islands,TCA,..,..,..,..,..,..,..,..,..,..,..,..,..,..,..,..,..,..,..,..,..,..,..,..,..,..,..,..,..,..,..
"UIS: Percentage of population age 25+ whose highest level of education is upper secondary, male",UIS.EA.3.AG25T99.M,Tuvalu,TUV,..,..,..,..,..,..,..,..,..,..,..,..,..,..,..,..,..,..,..,..,..,..,..,..,..,..,..,..,..,..,..
"UIS: Percentage of population age 25+ whose highest level of education is upper secondary, male",UIS.EA.3.AG25T99.M,Uganda,UGA,..,2.2331,..,..,..,..,..,..,..,..,..,..,2.57533,..,..,..,..,..,2.02936,..,3.16564,..,2.73385,..,..,..,..,..,..,..,..
"UIS: Percentage of population age 25+ whose highest level of education is upper secondary, male",UIS.EA.3.AG25T99.M,Ukraine,UKR,..,..,..,..,..,..,..,..,..,..,..,42.24902,..,..,..,..,..,..,..,..,..,..,..,..,..,..,..,..,..,..,..
"UIS: Percentage of population age 25+ whose highest level of education is upper secondary, male",UIS.EA.3.AG25T99.M,United Arab Emirates,ARE,..,..,..,..,..,..,..,..,..,..,..,..,..,..,..,23.17254,..,..,..,..,..,..,..,..,..,..,..,13.92924,13.88653,..,..
"UIS: Percentage of population age 25+ whose highest level of education is upper secondary, male",UIS.EA.3.AG25T99.M,United Kingdom,GBR,..,..,..,..,..,..,..,..,..,..,..,..,..,..,..,..,..,..,..,55.06231,54.75531,53.40215,44.63549,32.89116,32.46504,..,..,27.31601,..,..,..
"UIS: Percentage of population age 25+ whose highest level of education is upper secondary, male",UIS.EA.3.AG25T99.M,United States,USA,..,..,..,..,42.25573,..,..,..,..,..,..,..,..,..,47.90356,48.45316,47.81199,..,47.89095,48.20519,48.28201,47.78638,47.12594,46.84752,46.89799,46.88428,46.23285,..,45.63101,..,..
"UIS: Percentage of population age 25+ whose highest level of education is upper secondary, male",UIS.EA.3.AG25T99.M,Uruguay,URY,..,..,..,..,..,..,..,..,..,..,..,..,..,24.29043,..,..,14.66023,..,11.15878,12.00828,11.49746,14.89823,15.23839,14.80685,15.31216,14.93464,15.62192,15.73759,16.05928,..,..
"UIS: Percentage of population age 25+ whose highest level of education is upper secondary, male",UIS.EA.3.AG25T99.M,Uzbekistan,UZB,..,..,..,..,..,..,..,..,..,..,..,..,..,..,..,..,..,..,..,..,..,..,..,36.22238,34.21342,33.97277,27.56716,..,29.74001,..,..
"UIS: Percentage of population age 25+ whose highest level of education is upper secondary, male",UIS.EA.3.AG25T99.M,Vanuatu,VUT,..,..,..,..,..,..,..,..,..,..,..,..,..,..,..,..,..,..,..,..,..,..,..,..,..,..,..,..,..,..,..
"UIS: Percentage of population age 25+ whose highest level of education is upper secondary, male",UIS.EA.3.AG25T99.M,"Venezuela, RB",VEN,..,..,..,..,..,..,..,..,..,..,..,..,..,..,..,..,20.79542,24.74651,25.6952,26.04361,..,40.37823,..,..,..,25.65599,27.61104,..,..,..,..
"UIS: Percentage of population age 25+ whose highest level of education is upper secondary, male",UIS.EA.3.AG25T99.M,Vietnam,VNM,..,..,..,..,..,..,..,..,..,..,..,..,..,..,..,..,..,..,..,16.1302,..,..,..,..,..,..,..,..,..,..,..
"UIS: Percentage of population age 25+ whose highest level of education is upper secondary, male",UIS.EA.3.AG25T99.M,Virgin Islands (U.S.),VIR,..,..,..,..,..,..,..,..,..,..,..,..,..,..,..,..,..,..,..,..,..,..,..,..,..,..,..,..,..,..,..
"UIS: Percentage of population age 25+ whose highest level of education is upper secondary, male",UIS.EA.3.AG25T99.M,West Bank and Gaza,PSE,..,..,..,..,..,..,..,..,..,..,..,..,..,..,13.76366,..,13.36506,13.67666,13.89488,13.23877,12.77281,12.87126,13.11174,16.45207,15.69951,15.43376,15.50689,..,17.02053,..,..
"UIS: Percentage of population age 25+ whose highest level of education is upper secondary, male",UIS.EA.3.AG25T99.M,"Yemen, Rep.",YEM,..,..,..,..,..,..,..,..,..,..,..,..,..,..,..,..,..,..,..,..,..,..,..,..,..,..,..,..,..,..,..
"UIS: Percentage of population age 25+ whose highest level of education is upper secondary, male",UIS.EA.3.AG25T99.M,Zambia,ZMB,22.59547,..,..,..,..,..,..,..,..,..,..,..,..,..,..,..,..,..,..,..,..,..,..,..,..,..,..,..,..,..,..
"UIS: Percentage of population age 25+ whose highest level of education is upper secondary, male",UIS.EA.3.AG25T99.M,Zimbabwe,ZWE,..,..,..,..,..,..,..,..,..,..,..,..,2.00177,..,..,..,..,..,..,..,..,..,3.72285,..,2.93959,..,..,4.20489,..,..,..
,,,,,,,,,,,,,,,,,,,,,,,,,,,,,,,,,,
,,,,,,,,,,,,,,,,,,,,,,,,,,,,,,,,,,
,,,,,,,,,,,,,,,,,,,,,,,,,,,,,,,,,,
Data from database: Education Statistics - All Indicators,,,,,,,,,,,,,,,,,,,,,,,,,,,,,,,,,,
Last Updated: 12/14/2020,,,,,,,,,,,,,,,,,,,,,,,,,,,,,,,,,,
